City_ID,City,Country,Lat,Lng,Max Temp,Humidity,Cloudiness,Wind Speed,Current Description
0,Kuching,MY,1.55,110.3333,75.2,100,20,2.3,few clouds
1,Kapaa,US,22.0752,-159.319,59.0,77,1,10.36,clear sky
2,Lavrentiya,RU,65.5833,-171.0,-10.77,83,0,6.53,clear sky
3,Bluff,NZ,-46.6,168.3333,54.07,87,100,5.55,light rain
4,Seoul,KR,37.5683,126.9778,28.4,54,0,9.22,clear sky
5,Nueva Gerona,CU,21.8833,-82.8,82.94,65,16,11.74,few clouds
6,Eten,PE,-6.9081,-79.8642,87.8,48,0,11.5,clear sky
7,Punta Arenas,CL,-53.15,-70.9167,64.4,27,0,12.66,clear sky
8,Tuatapere,NZ,-46.1333,167.6833,54.61,75,94,4.54,overcast clouds
9,Hermanus,ZA,-34.4187,19.2345,69.01,71,46,1.99,scattered clouds
10,New Norfolk,AU,-42.7826,147.0587,53.6,66,90,6.91,overcast clouds
11,Atuona,PF,-9.8,-139.0333,79.32,75,44,21.56,scattered clouds
12,Cabo San Lucas,MX,22.8909,-109.9124,73.0,52,40,2.55,scattered clouds
13,Hirara,JP,24.8,125.2833,68.77,72,100,10.98,overcast clouds
14,Saint-Augustin,CA,51.226,-58.6502,29.71,92,85,23.49,overcast clouds
15,Ostrovnoy,RU,68.0531,39.5131,9.54,88,100,7.72,overcast clouds
16,Lebu,CL,-37.6167,-73.65,64.9,72,58,6.51,broken clouds
17,Dudinka,RU,69.4058,86.1778,-30.21,80,5,11.45,clear sky
18,Rikitea,PF,-23.1203,-134.9692,77.27,72,95,11.77,overcast clouds
19,Albany,US,42.6001,-73.9662,27.0,75,100,5.32,snow
20,Esperance,AU,-33.8667,121.9,64.4,82,90,14.97,overcast clouds
21,Newberg,US,45.3001,-122.9732,42.8,81,90,5.75,overcast clouds
22,Vila Velha,BR,-20.3297,-40.2925,71.6,94,90,5.75,overcast clouds
23,Barrow,US,71.2906,-156.7887,-20.2,69,90,11.5,haze
24,Dikson,RU,73.5069,80.5464,-29.06,86,88,10.94,overcast clouds
25,Ushuaia,AR,-54.8,-68.3,57.2,54,0,16.11,clear sky
26,Saint-Philippe,RE,-21.3585,55.7679,80.6,78,42,5.75,scattered clouds
27,Aguilar,ES,37.5148,-4.6572,48.99,75,95,4.0,overcast clouds
28,Jamestown,US,42.097,-79.2353,21.0,73,90,12.66,light snow
29,Arraial Do Cabo,BR,-22.9661,-42.0278,77.0,78,75,5.75,moderate rain
30,Ribeira Grande,PT,38.5167,-28.7,60.8,77,40,20.71,scattered clouds
31,Chuy,UY,-33.6971,-53.4616,76.84,59,1,7.76,clear sky
32,Thinadhoo,MV,0.5333,72.9333,82.13,74,27,12.71,scattered clouds
33,Mataura,NZ,-46.1927,168.8643,51.69,87,99,1.79,overcast clouds
34,Puerto Ayora,EC,-0.7393,-90.3518,84.2,70,0,17.27,clear sky
35,Ranong,TH,9.9658,98.6348,74.97,87,7,5.17,clear sky
36,Aswan,EG,24.0934,32.907,71.89,31,0,14.18,clear sky
37,Busselton,AU,-33.65,115.3333,63.0,98,99,11.95,overcast clouds
38,Kaduqli,SD,11.0167,29.7167,74.43,18,30,7.54,scattered clouds
39,Noyabrsk,RU,63.1994,75.4507,24.78,98,96,18.54,light snow
40,Panjakent,TJ,39.4952,67.6093,51.8,66,100,6.91,overcast clouds
41,Saskylakh,RU,71.9167,114.0833,-38.13,78,27,11.86,scattered clouds
42,Pontevedra,ES,42.431,-8.6444,51.01,100,90,16.11,moderate rain
43,Hilo,US,19.7297,-155.09,62.6,59,1,9.22,clear sky
44,Cape Town,ZA,-33.9258,18.4232,71.01,60,0,24.16,clear sky
45,Kununurra,AU,-15.7667,128.7333,78.8,100,100,11.5,moderate rain
46,Severo-Kurilsk,RU,50.6789,156.125,18.16,88,88,14.79,overcast clouds
47,Swan Hill,AU,-35.3378,143.5544,58.41,62,90,11.65,overcast clouds
48,Tasiilaq,GL,65.6145,-37.6368,21.2,58,0,3.44,clear sky
49,Ahuimanu,US,21.4447,-157.8378,64.0,82,1,2.15,clear sky
50,Bage,BR,-31.3314,-54.1069,84.2,54,0,4.61,clear sky
51,Airai,TL,-8.9266,125.4092,60.93,100,100,2.57,overcast clouds
52,Yellowknife,CA,62.456,-114.3525,-45.99,66,1,3.44,clear sky
53,Aklavik,CA,68.2191,-135.0107,-13.0,70,90,12.66,snow
54,Kutum,SD,14.2,24.6667,63.81,25,11,10.18,few clouds
55,Charters Towers,AU,-20.1,146.2667,77.5,87,100,9.98,overcast clouds
56,Marmarion,GR,38.0484,24.3204,60.8,72,0,13.8,clear sky
57,Ponta Delgada,PT,37.7333,-25.6667,60.8,77,75,14.97,broken clouds
58,Tautira,PF,-17.7333,-149.15,77.0,78,75,2.3,broken clouds
59,Vaini,TO,-21.2,-175.2,77.0,94,75,8.05,moderate rain
60,Butaritari,KI,3.0707,172.7902,80.53,81,42,17.45,scattered clouds
61,Sungairaya,ID,0.7,108.9,76.17,89,100,7.54,overcast clouds
62,Palana,RU,59.1167,159.9667,16.74,91,100,31.36,overcast clouds
63,Bredasdorp,ZA,-34.5322,20.0403,69.8,56,71,9.22,broken clouds
64,Sommerda,DE,51.15,11.1,19.99,86,100,5.01,light snow
65,Tocopilla,CL,-22.092,-70.1979,74.43,57,65,6.69,broken clouds
66,Avarua,CK,-21.2078,-159.775,77.0,88,1,2.3,clear sky
67,Santa Maria,BR,-29.6842,-53.8069,84.2,51,20,6.91,few clouds
68,Tuktoyaktuk,CA,69.4541,-133.0374,-23.8,76,75,14.97,snow
69,Saint George,US,37.1041,-113.5841,39.2,45,1,1.03,clear sky
70,Turukhansk,RU,65.8167,87.9833,4.32,94,100,15.64,light snow
71,Carahue,CL,-38.7,-73.1667,68.0,77,75,6.91,broken clouds
72,Husavik,IS,66.0449,-17.3389,32.0,74,75,2.3,broken clouds
73,Hobart,AU,-42.8794,147.3294,53.6,66,90,6.91,overcast clouds
74,Chone,EC,-0.6833,-80.1,77.83,88,100,2.53,light rain
75,Fauske,NO,67.2588,15.3918,23.0,91,98,1.86,overcast clouds
76,Katherine,AU,-14.4667,132.2667,75.2,94,90,5.75,overcast clouds
77,Mar Del Plata,AR,-38.0023,-57.5575,61.0,100,90,12.66,moderate rain
78,Polunochnoye,RU,60.8697,60.4153,-11.61,91,100,5.26,light snow
79,Port Blair,IN,11.6667,92.75,78.98,78,0,8.81,clear sky
80,Igrim,RU,63.1906,64.4162,-5.24,91,100,13.87,snow
81,Longyearbyen,SJ,78.2186,15.6401,17.6,67,75,19.57,light snow
82,Hami,CN,42.8,93.45,30.43,81,43,2.95,scattered clouds
83,Provideniya,RU,64.3833,-173.3,-3.48,77,32,16.15,scattered clouds
84,Bontang,ID,0.1333,117.5,79.81,81,100,2.75,overcast clouds
85,Salalah,OM,17.0151,54.0924,75.2,69,40,2.3,scattered clouds
86,Nikolskoye,RU,59.7035,30.7861,15.8,86,75,8.95,light snow
87,Noumea,NC,-22.2763,166.4572,78.01,94,0,2.3,clear sky
88,Mizan Teferi,ET,6.9833,35.5833,68.83,31,61,0.81,broken clouds
89,Ixtapa,MX,20.7,-105.2,77.0,57,1,3.51,clear sky
90,Sitka,US,57.0531,-135.33,28.4,50,40,5.75,scattered clouds
91,Kismayo,SO,-0.3582,42.5454,77.5,81,7,17.56,clear sky
92,Haines Junction,CA,60.7522,-137.5108,-29.2,68,71,1.14,broken clouds
93,Tigil,RU,57.8,158.6667,28.36,93,15,18.07,few clouds
94,Maceio,BR,-9.6658,-35.7353,87.8,58,40,13.8,scattered clouds
95,Khatanga,RU,71.9667,102.5,-31.85,79,0,9.06,clear sky
96,Thompson,CA,55.7435,-97.8558,-32.8,61,75,17.27,snow
97,Bilibino,RU,68.0546,166.4372,-1.7,72,0,5.35,clear sky
98,Hithadhoo,MV,-0.6,73.0833,81.88,73,44,10.07,scattered clouds
99,Sur,OM,22.5667,59.5289,66.02,72,0,5.19,clear sky
100,Oga,IT,46.4631,10.347,52.0,100,90,2.3,snow
101,Mehamn,NO,71.0357,27.8492,23.0,74,40,29.93,light snow
102,Narsaq,GL,60.9167,-46.05,39.2,28,75,43.73,broken clouds
103,Usinsk,RU,65.9939,57.5281,-24.29,85,100,16.82,overcast clouds
104,Chiredzi,ZW,-21.05,31.6667,78.46,64,68,5.7,broken clouds
105,Svetlogorsk,BY,52.6333,29.7333,5.43,92,65,3.8,broken clouds
106,Poum,NC,-20.2333,164.0167,79.43,70,96,1.34,overcast clouds
107,Bauchi,NG,10.5,10.0,86.49,14,50,6.22,scattered clouds
108,Port Alfred,ZA,-33.5906,26.891,66.99,94,65,15.99,light rain
109,Iqaluit,CA,63.7506,-68.5145,26.6,68,75,18.41,broken clouds
110,Detchino,RU,54.8092,36.3075,10.4,79,90,11.18,overcast clouds
111,Burnie,AU,-41.0667,145.9167,55.99,67,79,5.66,broken clouds
112,Malmyzh,RU,56.5205,50.6818,-3.86,90,100,14.2,overcast clouds
113,Acapulco,MX,16.8634,-99.8901,84.2,61,40,3.51,scattered clouds
114,Sioux Lookout,CA,50.1001,-91.917,-20.2,57,40,12.66,scattered clouds
115,Mehran,IR,33.1222,46.1646,44.6,93,40,6.91,scattered clouds
116,Maniitsoq,GL,65.4167,-52.9,27.77,82,0,16.22,clear sky
117,Victoria,HK,22.2855,114.1577,68.0,83,0,10.6,clear sky
118,Kodiak,US,57.79,-152.4072,26.6,68,1,4.61,clear sky
119,Nalut,LY,30.3333,10.85,69.53,24,61,18.34,broken clouds
120,Erenhot,CN,43.6475,111.9767,7.38,88,0,4.38,clear sky
121,Manggar,ID,-2.8833,108.2667,79.9,81,85,12.8,overcast clouds
122,Los Llanos De Aridane,ES,28.6585,-17.9182,66.2,63,75,5.75,broken clouds
123,Makakilo City,US,21.3469,-158.0858,60.8,77,20,4.61,few clouds
124,Russkaya Polyana,UA,49.417,31.9201,11.12,93,100,8.05,light snow
125,Tarbes,FR,43.25,0.1667,44.6,81,90,8.05,overcast clouds
126,Biloela,AU,-24.4167,150.5,78.67,81,83,0.87,broken clouds
127,Kieta,PG,-6.2167,155.6333,79.52,79,99,4.0,overcast clouds
128,Malakal,SS,9.5334,31.6605,79.12,16,43,5.53,scattered clouds
129,Chokurdakh,RU,70.6333,147.9167,-24.79,85,64,6.29,broken clouds
130,Pflugerville,US,30.4394,-97.62,55.0,58,1,8.05,clear sky
131,Cockburn Town,TC,21.4612,-71.1419,80.6,69,40,12.66,scattered clouds
132,Talnakh,RU,69.4865,88.3972,-23.26,72,0,3.44,clear sky
133,Poronaysk,RU,49.2167,143.1167,-2.49,87,67,5.93,light snow
134,Goderich,CA,43.7501,-81.7165,10.4,67,99,16.11,overcast clouds
135,East London,ZA,-33.0153,27.9116,71.6,88,75,6.91,broken clouds
136,Savannah Bight,HN,16.45,-85.85,82.4,78,20,12.46,few clouds
137,Cabedelo,BR,-6.9811,-34.8339,87.8,62,75,11.5,broken clouds
138,Cap Malheureux,MU,-19.9842,57.6142,81.0,78,73,4.0,light rain
139,Auki,SB,-8.7676,160.7034,77.58,85,79,6.42,broken clouds
140,Zavoronezhskoye,RU,52.8801,40.5526,-4.29,91,23,10.0,few clouds
141,Springbok,ZA,-29.6643,17.8865,74.7,41,0,12.06,clear sky
142,Carnarvon,AU,-24.8667,113.6333,78.8,100,40,12.66,scattered clouds
143,Avera,US,33.194,-82.5271,46.0,93,90,5.75,overcast clouds
144,Kloulklubed,PW,7.0419,134.2556,75.2,100,90,6.91,heavy intensity rain
145,Naifaru,MV,5.4444,73.3657,81.93,72,67,9.22,broken clouds
146,Pevek,RU,69.7008,170.3133,-6.72,87,0,1.86,clear sky
147,Emmett,US,43.8735,-116.4993,42.01,43,0,5.99,clear sky
148,Yantal,RU,56.8471,105.2542,21.79,96,100,6.85,overcast clouds
149,Sao Geraldo Do Araguaia,BR,-6.4006,-48.555,91.15,61,10,1.57,clear sky
150,Castro,BR,-24.7911,-50.0119,75.22,42,0,3.31,clear sky
151,Meaford,CA,44.6001,-80.583,17.01,80,98,8.01,light snow
152,Turayf,SA,31.6725,38.6637,55.4,67,0,6.91,clear sky
153,Miquelon,PM,47.0975,-56.3814,32.0,59,40,33.38,scattered clouds
154,Antofagasta,CL,-23.65,-70.4,75.0,53,0,11.5,clear sky
155,Jamai,IN,22.2,78.5833,57.42,34,0,5.48,clear sky
156,Kupang,ID,-10.1667,123.5833,79.45,82,100,6.4,overcast clouds
157,Paita,PE,-5.0892,-81.1144,91.4,46,20,13.8,few clouds
158,Durban,ZA,-29.8579,31.0292,79.0,83,75,5.75,broken clouds
159,Xining,CN,36.6167,101.7667,25.97,57,0,2.39,clear sky
160,Yanam,IN,16.7333,82.2167,69.58,83,19,4.05,few clouds
161,Mezen,RU,65.8522,44.24,-18.29,88,97,8.05,overcast clouds
162,Labelle,US,26.7617,-81.4384,80.6,88,90,10.36,light rain
163,Santa Isabel Do Rio Negro,BR,-0.4139,-65.0192,91.22,53,96,5.03,overcast clouds
164,Half Moon Bay,US,37.4636,-122.4286,54.0,82,1,3.96,clear sky
165,Nemuro,JP,43.3236,145.575,14.99,88,78,11.81,broken clouds
166,Alyangula,AU,-13.8483,136.4192,80.6,83,90,12.66,overcast clouds
167,Bambari,CF,5.768,20.6757,85.24,14,13,4.18,few clouds
168,Necochea,AR,-38.5473,-58.7368,60.01,93,85,18.84,overcast clouds
169,Sao Filipe,CV,14.8961,-24.4956,71.04,69,74,8.81,broken clouds
170,Qaanaaq,GL,77.484,-69.3632,11.08,87,99,4.68,overcast clouds
171,Havre-Saint-Pierre,CA,50.2334,-63.5986,23.0,68,1,28.77,clear sky
172,Mahebourg,MU,-20.4081,57.7,80.6,74,20,10.36,light rain
173,Shelburne,CA,44.0787,-80.2041,18.0,75,80,12.82,broken clouds
174,Vila Franca Do Campo,PT,37.7167,-25.4333,60.8,77,75,14.97,broken clouds
175,Torbay,CA,47.6666,-52.7314,34.0,55,20,36.82,few clouds
176,Bukachacha,RU,52.9833,116.9167,-14.3,85,57,1.54,broken clouds
177,Capitao Poco,BR,-1.7464,-47.0594,87.85,62,67,6.38,broken clouds
178,Mende,FR,44.6667,3.5,28.06,99,27,6.46,scattered clouds
179,Saint-Georges,GD,12.0564,-61.7485,84.2,65,20,23.02,few clouds
180,Geraldton,AU,-28.7667,114.6,68.0,83,40,10.36,scattered clouds
181,Cairns,AU,-16.9167,145.7667,80.6,94,75,4.63,broken clouds
182,Sanandaj,IR,35.3144,46.9923,43.77,68,13,3.4,few clouds
183,Ucluelet,CA,48.9329,-125.5528,36.0,100,20,15.43,few clouds
184,Labuhan,ID,-6.8844,112.2051,79.48,84,99,12.1,overcast clouds
185,Waterloo,CA,43.4668,-80.5164,12.99,67,75,21.85,haze
186,Atar,MR,20.5169,-13.0499,75.6,19,0,16.58,clear sky
187,Cayenne,GF,4.9333,-52.3333,82.4,83,90,16.11,overcast clouds
188,Nador,MA,35.174,-2.9287,57.2,72,75,18.41,broken clouds
189,Amarante Do Maranhao,BR,-5.5667,-46.7422,84.67,76,48,1.81,scattered clouds
190,Sao Joao Da Barra,BR,-21.6403,-41.0511,73.4,94,90,5.93,light rain
191,Ilorin,NG,8.5,4.55,97.27,9,61,6.22,broken clouds
192,Whitehorse,CA,60.7161,-135.0538,-11.2,77,90,3.44,light snow
193,Linxia,CN,35.6003,103.2064,31.39,75,14,1.68,few clouds
194,Lompoc,US,34.6391,-120.4579,57.99,87,1,6.91,clear sky
195,Kavaratti,IN,10.5669,72.642,81.5,66,0,6.73,clear sky
196,Tungor,RU,53.3808,142.9564,6.91,94,100,25.97,light snow
197,Tigzirt,DZ,36.8886,4.1198,55.69,76,63,18.61,broken clouds
198,Denpasar,ID,-8.65,115.2167,77.0,94,20,1.14,few clouds
199,Tual,ID,-5.6667,132.75,83.7,78,100,18.28,overcast clouds
200,Lagoa,PT,39.05,-27.9833,57.99,75,100,20.6,overcast clouds
201,Fairbanks,US,64.8378,-147.7164,-14.01,76,1,3.44,clear sky
202,Upernavik,GL,72.7868,-56.1549,18.46,80,18,3.47,few clouds
203,Rotifunk,SL,8.2333,-12.6833,86.83,58,85,10.78,overcast clouds
204,Karasburg,NA,-28.0167,18.75,89.74,11,0,16.28,clear sky
205,Santa Isabel,BR,-23.3156,-46.2214,82.4,61,40,9.22,scattered clouds
206,Mingyue,CN,43.1069,128.9217,1.65,85,22,13.27,few clouds
207,Hamilton,US,39.1834,-84.5333,21.2,53,1,9.22,clear sky
208,Tezu,IN,27.9167,96.1667,61.09,36,0,3.83,clear sky
209,Deputatskiy,RU,69.3,139.9,-30.08,86,0,1.57,clear sky
210,Port Lincoln,AU,-34.7333,135.8667,59.14,81,11,15.95,few clouds
211,Abu Dhabi,AE,24.4667,54.3667,73.4,68,0,5.75,clear sky
212,Fredericksburg,US,38.3032,-77.4605,35.6,93,90,10.36,snow
213,Westlock,CA,54.1502,-113.8688,-45.4,59,9,2.3,clear sky
214,Redcliffe,AU,-27.2307,153.0973,75.2,83,75,12.66,broken clouds
215,Naze,JP,28.3667,129.4833,57.83,64,0,8.81,clear sky
216,Saldanha,ZA,-33.0117,17.9442,69.8,56,0,24.16,clear sky
217,Cidreira,BR,-30.1811,-50.2056,77.05,64,40,11.81,scattered clouds
218,Bafoulabe,ML,13.8065,-10.8321,94.44,10,79,8.7,broken clouds
219,Octeville,FR,49.6261,-1.6435,35.6,69,90,16.11,overcast clouds
220,Batagay,RU,67.6333,134.6333,-30.93,82,0,1.66,clear sky
221,Tiksi,RU,71.6872,128.8694,-28.7,83,75,3.69,broken clouds
222,Mecca,SA,21.4267,39.8261,74.41,31,0,8.59,clear sky
223,Ngunguru,NZ,-35.6167,174.5,59.0,90,80,3.0,broken clouds
224,Port Hardy,CA,50.6996,-127.4199,37.4,93,75,10.36,light rain
225,Maldonado,UY,-34.6667,-54.9167,80.6,54,40,14.97,scattered clouds
226,Souillac,MU,-20.5167,57.5167,80.6,74,20,10.36,few clouds
227,Axim,GH,4.8699,-2.2405,82.78,77,100,8.25,overcast clouds
228,Ancud,CL,-41.8697,-73.8203,80.6,36,0,6.91,clear sky
229,Asau,RO,46.4333,26.4,28.99,74,100,2.73,overcast clouds
230,Sol-Iletsk,RU,51.1631,54.9918,-3.64,91,100,11.21,overcast clouds
231,Winsum,NL,53.33,6.5208,24.01,93,100,4.0,light snow
232,Guerrero Negro,MX,27.9769,-114.0611,68.04,29,0,3.69,clear sky
233,Bilma,NE,18.6853,12.9164,73.09,18,70,6.22,broken clouds
234,La Palma,US,33.8464,-118.0467,57.2,58,90,2.3,mist
235,Korla,CN,41.7597,86.1469,32.43,78,80,4.81,broken clouds
236,Rawson,AR,-43.3002,-65.1023,61.25,50,29,14.45,scattered clouds
237,Mandalgovi,MN,45.7625,106.2708,12.63,81,0,10.31,clear sky
238,Marzuq,YE,14.4,46.4667,63.5,64,0,2.57,clear sky
239,Ulladulla,AU,-35.35,150.4667,66.0,77,90,10.36,overcast clouds
240,Norman Wells,CA,65.282,-126.8329,-27.4,75,75,3.44,broken clouds
241,Edson,CA,53.5835,-116.4356,-32.8,68,1,3.44,haze
242,Lazaro Cardenas,MX,17.9583,-102.2,84.24,50,10,1.39,clear sky
243,Mayo,US,38.8876,-76.5119,35.01,100,90,6.91,snow
244,Georgetown,MY,5.4112,100.3354,84.0,83,20,3.44,few clouds
245,Faanui,PF,-16.4833,-151.75,80.91,76,2,12.75,clear sky
246,Bandarbeyla,SO,9.4942,50.8122,76.59,77,0,16.75,clear sky
247,Tukrah,LY,32.5341,20.5791,67.1,38,100,21.32,overcast clouds
248,Benicarlo,ES,40.4165,0.4271,51.01,47,21,4.0,few clouds
249,Anadyr,RU,64.75,177.4833,14.0,31,50,20.13,snow
250,Mnogovershinnyy,RU,53.9353,139.9242,-2.49,93,100,11.12,light snow
251,Rundu,NA,-17.9333,19.7667,78.46,68,96,1.81,light rain
252,Cozumel,MX,20.5083,-86.9458,84.2,74,40,11.5,scattered clouds
253,Rio Grande,BR,-32.035,-52.0986,80.6,57,40,6.91,scattered clouds
254,Sungaipenuh,ID,-2.0833,101.3833,64.81,85,100,2.73,overcast clouds
255,Aksehir,TR,38.3575,31.4164,50.81,48,86,6.35,overcast clouds
256,Ambilobe,MG,-13.2,49.05,76.06,90,100,2.17,light rain
257,Kavieng,PG,-2.5744,150.7967,82.53,78,39,9.46,scattered clouds
258,Leh,IN,34.1667,77.5833,13.78,57,0,1.21,clear sky
259,Chimbote,PE,-9.0853,-78.5783,77.94,58,64,10.33,broken clouds
260,Sao Jose De Mipibu,BR,-6.0747,-35.2378,89.6,14,20,14.97,few clouds
261,Fortuna,US,40.5982,-124.1573,46.99,87,90,8.05,overcast clouds
262,Kedrovyy,RU,56.1667,91.8167,33.8,55,0,8.95,clear sky
263,Palmer,US,42.1584,-72.3287,30.0,93,90,5.75,snow
264,Floro,NO,61.5996,5.0328,28.4,43,0,11.5,clear sky
265,San Quintin,MX,30.4833,-115.95,63.36,55,0,7.9,clear sky
266,Cihuatlan,MX,19.2366,-104.5651,82.4,78,40,6.91,scattered clouds
267,Mount Gambier,AU,-37.8333,140.7667,55.4,71,90,8.05,overcast clouds
268,Saint-Joseph,RE,-21.3667,55.6167,80.6,78,39,5.75,scattered clouds
269,Capim Grosso,BR,-11.3811,-40.0128,98.92,26,71,3.13,broken clouds
270,Barsovo,RU,61.1667,73.1667,21.2,86,75,17.9,snow
271,Huarmey,PE,-10.0681,-78.1522,76.71,61,78,9.73,broken clouds
272,Yakeshi,CN,49.2833,120.7333,-21.8,87,41,2.98,scattered clouds
273,Grindavik,IS,63.8424,-22.4338,33.8,64,40,13.8,scattered clouds
274,Kurilsk,RU,45.2333,147.8833,13.28,92,100,14.23,light snow
275,Ara,IN,25.5667,84.6667,55.4,71,0,2.3,haze
276,Silvania,BR,-16.6589,-48.6081,77.0,100,75,4.61,mist
277,Voyvozh,RU,62.892,54.9635,-26.27,86,100,9.71,light snow
278,Nome,US,64.5011,-165.4064,-2.2,84,1,3.78,clear sky
279,Simao,CN,22.7886,100.9748,54.7,96,99,0.87,overcast clouds
280,Ankazoabo,MG,-22.2833,44.5167,75.51,86,58,2.17,light rain
281,Cherskiy,RU,68.75,161.3,-4.41,72,49,1.25,scattered clouds
282,Richards Bay,ZA,-28.783,32.0377,75.92,86,48,2.17,scattered clouds
283,Ponta Do Sol,PT,32.6667,-17.1,61.0,67,79,1.99,broken clouds
284,Lerwick,GB,60.1545,-1.1494,33.8,60,75,8.05,broken clouds
285,Gombong,ID,-7.6072,109.5142,76.66,90,100,5.28,overcast clouds
286,Lang Suan,TH,9.9456,99.0785,76.12,87,11,4.92,few clouds
287,Russell,US,32.3502,-85.1999,50.0,62,90,10.36,overcast clouds
288,Bundaberg,AU,-24.85,152.35,80.6,83,75,9.22,broken clouds
289,Adiake,CI,5.2863,-3.304,84.2,84,20,12.66,light rain
290,Ngerengere,TZ,-6.75,38.1167,76.51,86,95,4.65,light rain
291,Pundaguitan,PH,6.3711,126.1689,80.11,82,100,10.85,overcast clouds
292,Loreto,MX,22.2667,-101.9667,65.79,30,1,8.57,clear sky
293,Bethel,US,41.3712,-73.414,28.0,93,90,4.61,snow
294,Tailai,CN,46.3833,123.4,-5.24,86,54,3.36,broken clouds
295,Vung Tau,VN,10.346,107.0843,75.81,83,61,14.41,broken clouds
296,Pucallpa,PE,-8.3791,-74.5539,89.6,62,75,6.91,broken clouds
297,Omboue,GA,-1.5746,9.2618,80.35,83,99,6.6,moderate rain
298,Kovur,IN,14.4833,79.9833,70.97,76,43,5.79,scattered clouds
299,Hobyo,SO,5.3505,48.5268,78.49,75,5,18.57,clear sky
300,Jacareacanga,BR,-6.2222,-57.7528,83.23,86,71,3.51,broken clouds
301,Brigantine,US,39.4101,-74.3646,36.0,93,90,10.36,snow
302,Oriximina,BR,-1.7656,-55.8661,90.19,50,84,2.75,moderate rain
303,Yulara,AU,-25.2406,130.9889,75.2,33,0,6.91,clear sky
304,Songjianghe,CN,42.1859,127.479,-2.96,92,93,3.83,overcast clouds
305,Iquique,CL,-20.2208,-70.1431,78.8,47,0,16.11,clear sky
306,Clyde River,CA,70.4692,-68.5914,-4.0,84,1,4.61,mist
307,Bathsheba,BB,13.2167,-59.5167,82.4,61,75,27.63,broken clouds
308,San Andres,CO,12.5847,-81.7006,86.0,62,20,11.5,few clouds
309,Ovalle,CL,-30.5983,-71.2003,82.24,32,0,8.03,clear sky
310,Senneterre,CA,48.3835,-77.2328,14.0,67,90,8.05,light snow
311,Paamiut,GL,61.994,-49.6678,31.08,85,59,6.87,broken clouds
312,Port Macquarie,AU,-31.4333,152.9167,68.0,97,66,10.51,broken clouds
313,Kaitangata,NZ,-46.2817,169.8464,57.0,94,53,3.0,broken clouds
314,Palembang,ID,-2.9167,104.7458,75.43,93,100,3.76,overcast clouds
315,Rocha,UY,-34.4833,-54.3333,82.71,49,7,4.99,clear sky
316,Sabha,LY,27.0377,14.4283,76.64,15,91,13.85,overcast clouds
317,Angoche,MZ,-16.2325,39.9086,81.64,81,25,6.53,scattered clouds
318,Kanigoro,ID,-8.13,112.219,74.23,91,100,8.3,overcast clouds
319,Bengkulu,ID,-3.8004,102.2655,76.78,85,100,5.55,overcast clouds
320,Mazagao,BR,-0.115,-51.2894,89.6,62,40,10.36,scattered clouds
321,Oranjemund,NA,-28.55,16.4333,66.27,76,7,25.19,clear sky
322,Orocue,CO,4.7912,-71.3354,92.7,43,100,11.92,overcast clouds
323,Paka,MY,4.6374,103.4368,78.8,89,20,4.61,few clouds
324,Pacific Grove,US,36.6177,-121.9166,48.99,81,1,6.91,clear sky
325,Ginir,ET,7.1333,40.7,65.64,46,83,1.79,broken clouds
326,Klaksvik,FO,62.2266,-6.589,35.6,75,75,13.8,broken clouds
327,Hasaki,JP,35.7333,140.8333,39.2,65,75,4.61,broken clouds
328,Diebougou,BF,10.9667,-3.25,101.23,9,40,7.31,scattered clouds
329,Ilulissat,GL,69.2167,-51.1,28.4,31,0,18.41,clear sky
330,Ilhabela,BR,-23.7781,-45.3581,76.17,70,80,5.03,broken clouds
331,Quilali,NI,13.567,-86.026,75.2,60,20,6.71,few clouds
332,Merauke,ID,-8.4667,140.3333,79.57,85,93,12.21,overcast clouds
333,Springfield,US,37.2153,-93.2982,21.0,68,90,11.5,overcast clouds
334,Codrington,AU,-38.2667,141.9667,56.3,68,88,11.18,overcast clouds
335,Tarakan,ID,3.3,117.6333,80.38,81,99,8.99,overcast clouds
336,Sauk Rapids,US,45.5919,-94.1661,-11.2,53,1,6.91,clear sky
337,Muros,ES,42.7762,-9.0603,53.01,93,100,15.99,light rain
338,Udachnyy,RU,66.4167,112.4,-24.79,84,100,7.83,overcast clouds
339,Deception Bay,AU,-27.2,153.0333,75.0,83,88,4.0,light rain
340,Alice Springs,AU,-23.7,133.8833,78.01,33,33,4.61,scattered clouds
341,San Buenaventura,MX,27.0833,-101.5333,63.52,27,0,3.36,clear sky
342,Northam,GB,51.0333,-4.2167,39.0,70,14,11.99,few clouds
343,Pilot Butte,CA,50.4668,-104.4178,-23.01,62,57,4.61,broken clouds
344,Tera,NE,14.0078,0.7531,95.16,10,58,10.29,broken clouds
345,La Union,PE,-5.4,-80.75,88.03,42,5,8.39,clear sky
346,Fort-Shevchenko,KZ,44.5086,50.263,33.75,83,59,15.84,broken clouds
347,Villa Bruzual,VE,9.3328,-69.1208,93.47,38,47,4.43,scattered clouds
348,Bakel,SN,14.905,-12.4568,92.89,10,32,12.28,scattered clouds
349,Evensk,RU,61.95,159.2333,18.75,83,100,35.41,overcast clouds
350,North Battleford,CA,52.7834,-108.2847,-32.8,68,1,2.3,haze
351,Sarakhs,IR,36.5449,61.1577,51.8,62,0,6.91,clear sky
352,Thunder Bay,CA,48.4001,-89.3168,-8.0,53,40,19.57,scattered clouds
353,Mahibadhoo,MV,3.7833,72.9667,81.64,71,42,16.53,scattered clouds
354,Mirnyy,RU,62.5353,113.9611,1.9,94,100,5.75,overcast clouds
355,Galle,LK,6.0367,80.217,78.98,84,48,3.33,scattered clouds
356,Gobabis,NA,-22.45,18.9667,81.52,39,53,16.17,broken clouds
357,Port Elizabeth,ZA,-33.918,25.5701,68.0,94,40,5.75,scattered clouds
358,Tenenkou,ML,14.4572,-4.9169,86.4,14,100,16.6,overcast clouds
359,Arroio Grande,BR,-32.2375,-53.0869,81.43,56,0,6.69,clear sky
360,Valparaiso,CL,-33.0393,-71.6273,64.99,63,75,8.05,broken clouds
361,Indianola,US,41.3581,-93.5574,-0.4,60,90,5.75,light snow
362,Saint-Pierre,RE,-21.3393,55.4781,80.6,78,39,5.75,light rain
363,Chumikan,RU,54.7183,135.315,-7.51,83,99,26.13,overcast clouds
364,Isangel,VU,-19.55,169.2667,77.36,80,23,3.78,few clouds
365,Mitsamiouli,KM,-11.3847,43.2844,83.61,73,82,8.3,broken clouds
366,Katobu,ID,-4.9408,122.5276,75.87,92,86,2.24,overcast clouds
367,Prince Rupert,CA,54.3161,-130.3201,33.8,86,1,4.61,clear sky
368,Kruisfontein,ZA,-34.0033,24.7314,66.0,92,100,5.99,overcast clouds
369,Balaipungut,ID,1.05,101.2833,80.6,78,40,1.12,scattered clouds
370,El Vigia,VE,8.6219,-71.6506,83.79,65,59,4.41,broken clouds
371,Praia,CV,14.9215,-23.5087,71.6,60,75,23.02,broken clouds
372,Preobrazheniye,RU,42.9019,133.9064,6.42,85,0,10.04,clear sky
373,Smithers,CA,54.7804,-127.1743,6.8,85,75,2.3,broken clouds
374,Wanning,CN,18.8003,110.3967,69.28,88,29,4.7,scattered clouds
375,Namibe,AO,-15.1961,12.1522,73.87,74,97,9.8,overcast clouds
376,Belmonte,BR,-15.8631,-38.8828,82.4,89,75,9.22,broken clouds
377,Araouane,ML,18.9048,-3.5265,76.8,17,93,13.44,overcast clouds
378,Baiyin,CN,36.5583,104.2081,32.0,33,0,11.18,clear sky
379,Kyra,RU,49.5776,111.9753,1.58,87,95,2.3,overcast clouds
380,Villa Maria,AR,-32.4075,-63.2402,92.48,19,0,7.2,clear sky
381,Oxelosund,SE,58.6706,17.1015,17.6,93,0,6.91,clear sky
382,Tiarei,PF,-17.5333,-149.3333,77.0,78,75,2.3,broken clouds
383,San Carlos De Bariloche,AR,-41.1456,-71.3082,66.99,59,90,11.5,overcast clouds
384,Aleksandrov Gay,RU,50.147,48.5704,4.96,87,100,15.99,overcast clouds
385,Amapa,BR,1.0,-52.0,81.59,88,80,2.55,broken clouds
386,Shenjiamen,CN,29.9576,122.298,51.85,73,100,12.66,light rain
387,Nieuw Amsterdam,SR,5.8833,-55.0833,86.0,66,75,13.8,broken clouds
388,Berdigestyakh,RU,62.0989,126.6992,-30.12,83,6,5.73,clear sky
389,Crotone,IT,39.0851,17.1178,57.2,100,75,14.97,light rain
390,Yenagoa,NG,4.9247,6.2642,87.4,62,97,11.07,overcast clouds
391,Baykit,RU,61.67,96.37,25.61,96,100,5.3,overcast clouds
392,Idenao,CM,4.2475,9.0047,86.0,66,20,5.75,light rain
393,Berlevag,NO,70.8578,29.0864,23.0,68,75,23.02,snow
394,Yaan,NG,7.3833,8.5667,96.06,10,99,3.33,overcast clouds
395,Camacha,PT,33.0833,-16.3333,60.8,88,75,17.27,broken clouds
396,Nhulunbuy,AU,-12.2333,136.7667,80.6,83,75,12.66,broken clouds
397,Bonavista,CA,48.6499,-53.1147,33.01,59,66,19.57,broken clouds
398,Saryozek,KZ,44.3583,77.9753,33.3,90,100,2.84,overcast clouds
399,Pocatello,US,42.8713,-112.4455,35.6,51,20,33.38,few clouds
400,Vestmannaeyjar,IS,63.4427,-20.2734,35.6,80,40,25.32,scattered clouds
401,Chicama,PE,-7.8447,-79.1469,73.4,78,0,10.36,light rain
402,Aksu,CN,41.1231,80.2644,32.81,78,100,1.86,overcast clouds
403,Caravelas,BR,-17.7125,-39.2481,82.51,81,79,8.75,light rain
404,Inhambane,MZ,-23.865,35.3833,84.0,74,40,6.91,scattered clouds
405,Kahului,US,20.8947,-156.47,64.0,72,40,4.61,scattered clouds
406,Gucheng,CN,35.9115,111.3192,39.88,64,54,2.44,broken clouds
407,Mae Sai,TH,20.4335,99.8762,68.0,100,90,6.91,overcast clouds
408,Kargasok,RU,59.0556,80.8572,11.53,93,100,15.5,overcast clouds
409,Mastic Beach,US,40.7668,-72.8521,33.8,86,90,8.05,snow
410,Dengfeng,CN,34.4553,113.0281,41.0,99,100,3.69,overcast clouds
411,Jalu,LY,29.0331,21.5482,69.8,24,81,10.87,broken clouds
412,Puerto Escondido,MX,15.85,-97.0667,84.2,74,75,5.75,broken clouds
413,Ossora,RU,59.2353,163.0719,21.87,97,100,36.26,snow
414,Homer,US,59.6425,-151.5483,17.6,85,1,6.91,clear sky
415,Paragominas,BR,-2.9667,-47.4833,89.98,52,30,2.73,scattered clouds
416,Mandal,IN,25.45,74.5667,60.01,32,0,4.83,clear sky
417,Srednekolymsk,RU,67.45,153.6833,-7.87,87,100,6.49,overcast clouds
418,Benguela,AO,-12.5763,13.4055,78.39,70,100,7.02,overcast clouds
419,Casian,PH,11.035,119.7136,81.01,80,83,10.96,moderate rain
420,Zhangye,CN,38.9342,100.4517,29.48,71,61,3.06,broken clouds
421,Ashland,US,40.8167,-82.2665,12.99,73,1,6.91,clear sky
422,Rantauprapat,ID,2.1,99.8333,73.81,94,99,2.37,overcast clouds
423,Ballina,AU,-28.8667,153.5667,73.4,83,90,6.91,overcast clouds
424,Fort Nelson,CA,58.8053,-122.7002,-36.4,74,40,2.3,scattered clouds
425,Paramirim,BR,-13.4425,-42.2389,82.65,56,97,4.34,overcast clouds
426,Sola,VU,-13.8833,167.55,81.41,74,33,12.82,scattered clouds
427,Conde,BR,-7.2597,-34.9075,87.8,62,75,11.5,broken clouds
428,Tehachapi,US,35.1322,-118.449,55.0,41,29,3.0,scattered clouds
429,Hokitika,NZ,-42.7167,170.9667,55.09,87,2,5.21,clear sky
430,Havelock,US,34.8791,-76.9013,45.0,93,90,18.41,mist
431,Henties Bay,NA,-22.116,14.2845,64.99,86,75,3.0,broken clouds
432,Mollendo,PE,-17.0231,-72.0147,76.69,67,89,10.02,overcast clouds
433,Panjab,AF,34.388,67.0233,24.55,82,24,1.59,few clouds
434,Olinda,BR,-8.0089,-34.8553,82.4,61,40,11.5,scattered clouds
435,Chateau-Gontier,FR,47.8333,-0.7,43.0,70,90,10.36,overcast clouds
436,Lorengau,PG,-2.0226,147.2712,81.68,80,97,8.23,overcast clouds
437,Waingapu,ID,-9.6567,120.2641,78.35,82,95,5.86,overcast clouds
438,Mogadishu,SO,2.0371,45.3438,78.22,77,6,24.23,clear sky
439,Abha,SA,18.2164,42.5053,57.2,62,0,1.63,clear sky
440,Smoljan,ME,43.0924,19.2286,36.64,81,33,14.18,scattered clouds
441,Jackson,US,42.4165,-122.8345,33.8,86,90,0.92,mist
442,Rio Cuarto,AR,-33.1307,-64.3499,86.0,45,0,13.8,clear sky
443,Mareeba,AU,-17.0,145.4333,80.6,94,75,4.18,broken clouds
444,Atikokan,CA,48.7555,-91.6216,-21.82,84,50,9.17,scattered clouds
445,San Patricio,US,28.017,-97.5169,66.99,55,1,13.8,clear sky
446,Hay River,CA,60.8156,-115.7999,-38.2,67,30,2.3,scattered clouds
447,Kefalos,GR,36.7453,26.9589,60.8,77,20,16.11,few clouds
448,Baherden,TM,38.4362,57.4316,58.37,57,94,1.07,overcast clouds
449,Vanderhoof,CA,54.0166,-124.0198,-6.77,88,100,2.51,overcast clouds
450,Faya,SA,18.3851,42.4509,57.2,62,0,2.26,clear sky
451,Balabac,PH,7.9868,117.0645,80.04,83,100,8.75,overcast clouds
452,Mansa,IN,29.9833,75.3833,54.27,42,0,2.64,clear sky
453,Bac Lieu,VN,9.285,105.7244,76.55,81,99,14.23,overcast clouds
454,Pokosnoye,RU,55.5258,101.0536,14.14,94,97,5.79,overcast clouds
455,Beloha,MG,-25.1667,45.05,77.23,81,23,9.91,few clouds
456,Channel-Port Aux Basques,CA,47.5702,-59.1367,27.82,90,66,28.95,broken clouds
457,Damietta,EG,31.4165,31.8133,64.4,72,0,5.75,clear sky
458,Belyy Yar,RU,53.6039,91.3903,10.4,92,89,2.24,fog
459,Komsomolskiy,UZ,40.4272,71.7189,45.5,83,100,3.53,overcast clouds
460,Yankton,US,42.8711,-97.3973,3.2,72,90,5.75,light snow
461,Itaunja,IN,27.0833,80.9167,55.4,88,0,5.01,mist
462,Polovinnoye,RU,54.7914,65.9864,4.26,91,98,16.44,overcast clouds
463,Kiunga,PG,-6.1219,141.2906,75.18,97,100,0.83,overcast clouds
464,Nouadhibou,MR,20.931,-17.0347,71.6,56,0,12.66,clear sky
465,Monte Alegre,BR,-2.0078,-54.0692,91.83,44,79,4.59,broken clouds
466,San Cristobal,VE,7.7669,-72.225,86.0,54,20,12.66,few clouds
467,Cooma,AU,-36.2333,149.1333,51.8,82,90,5.75,overcast clouds
468,Issoire,FR,45.55,3.25,42.8,65,75,10.36,broken clouds
469,Vilyuysk,RU,63.7553,121.6247,-23.58,85,78,10.42,broken clouds
470,Vaitape,PF,-16.5167,-151.75,80.91,76,4,12.82,clear sky
471,Margate,GB,51.3813,1.3862,30.0,84,100,8.01,snow
472,Pogar,RU,52.554,33.2591,0.52,92,2,6.38,clear sky
473,Skjervoy,NO,70.0311,20.9714,29.34,90,100,17.27,light snow
474,The Valley,AI,18.217,-63.0578,84.2,65,20,18.41,few clouds
475,Siavonga,ZM,-16.5382,28.7088,80.8,74,98,4.36,overcast clouds
476,Mokhotlong,LS,-29.2894,29.0675,59.34,72,51,3.13,light rain
477,Kroya,ID,-7.6331,109.2461,77.23,89,100,4.18,overcast clouds
478,El Retorno,CO,2.3302,-72.6276,85.51,67,58,5.73,broken clouds
479,Vidalia,US,32.2177,-82.4135,46.4,81,90,8.05,overcast clouds
480,Messina,IT,38.1933,15.5497,61.0,67,40,5.75,light rain
481,Banon,ES,40.8382,-1.1909,55.4,47,0,3.44,clear sky
482,Sikeston,US,36.8767,-89.5879,19.4,79,1,9.22,clear sky
483,Gizo,SB,-8.103,156.8419,82.51,76,55,7.96,broken clouds
484,Isla Mujeres,MX,21.2311,-86.731,84.2,74,75,13.8,broken clouds
485,Vila,PT,42.0304,-8.1588,45.0,95,100,15.01,light rain
486,Odienne,CI,9.51,-7.5692,99.88,14,25,6.06,scattered clouds
487,Shirokiy,RU,49.758,129.523,-17.95,88,0,8.3,clear sky
488,Pangnirtung,CA,66.1451,-65.7125,35.6,35,20,12.66,few clouds
489,Lisakovsk,KZ,52.5369,62.4936,11.91,93,100,21.54,overcast clouds
490,Pangai,TO,-19.8,-174.35,75.2,94,90,8.05,light rain
491,Miguel Hidalgo,MX,19.4225,-99.2028,68.0,36,1,4.61,clear sky
492,Nioro,GM,13.35,-15.75,94.5,10,46,11.59,scattered clouds
493,Coihaique,CL,-45.5752,-72.0662,71.6,40,20,8.05,few clouds
494,Quixeramobim,BR,-5.1992,-39.2928,98.28,26,17,9.06,few clouds
495,Islip,US,40.7298,-73.2104,34.0,93,90,16.11,snow
496,Gavrilovka Vtoraya,RU,52.877,42.7663,-4.94,90,84,12.03,broken clouds
497,Elat,IL,29.5581,34.9482,71.6,43,0,9.22,clear sky
498,Saint-Francois,FR,46.4154,3.9054,41.0,81,90,8.05,overcast clouds
499,Tazovskiy,RU,67.4667,78.7,-13.36,90,100,19.22,light snow
500,Honiara,SB,-9.4333,159.95,77.94,81,93,4.59,overcast clouds
501,Champerico,GT,14.3,-91.9167,87.8,55,0,4.61,clear sky
502,Bambous Virieux,MU,-20.3428,57.7575,81.0,74,20,10.36,light rain
503,Kirakira,SB,-10.4544,161.9205,78.89,81,56,7.0,broken clouds
504,Itarema,BR,-2.9248,-39.9167,88.95,56,3,15.03,clear sky
505,Chancay,PE,-11.5714,-77.2672,78.8,65,0,9.22,clear sky
506,Adrar,MR,20.5022,-10.0711,71.78,21,0,15.66,clear sky
507,Nieuwpoort,BE,51.1244,2.7735,26.6,86,90,11.5,overcast clouds
508,Leshukonskoye,RU,64.8989,45.7622,-18.08,87,100,8.59,overcast clouds
509,Igra,RU,57.5558,53.0547,-7.71,89,100,10.51,light snow
510,Formiga,BR,-20.4644,-45.4264,73.74,81,89,5.64,overcast clouds
511,Pedernales,DO,18.0384,-71.744,84.27,47,26,1.72,scattered clouds
512,Valdivia,CL,-39.8142,-73.2459,78.8,47,0,4.61,clear sky
513,Lakes Entrance,AU,-37.8811,147.981,53.51,84,26,7.52,scattered clouds
514,Lata,PT,40.1629,-8.3327,53.01,92,100,1.99,overcast clouds
515,Sorland,NO,67.667,12.6934,35.6,80,40,18.41,scattered clouds
516,Te Anau,NZ,-45.4167,167.7167,54.21,81,99,3.13,overcast clouds
517,Mildura,AU,-34.2,142.15,60.8,55,1,8.05,clear sky
518,Kodinar,IN,20.7903,70.7031,70.11,36,1,5.86,clear sky
519,Barguzin,RU,53.6167,109.6167,5.97,89,100,1.92,overcast clouds
520,Sampit,ID,-2.5333,112.95,75.72,95,100,1.07,moderate rain
521,Katsuura,JP,35.1333,140.3,45.0,53,0,14.97,clear sky
522,Provost,CA,52.3501,-110.2683,-22.0,76,10,2.3,clear sky
523,Harper,LR,4.375,-7.7169,83.14,76,82,8.61,broken clouds
524,Huanan,CN,46.2167,130.5167,-13.09,90,15,7.38,few clouds
525,Presidencia Roque Saenz Pena,AR,-26.7852,-60.4388,88.0,38,0,1.99,clear sky
526,Alcobendas,ES,40.5475,-3.642,50.0,66,40,12.66,scattered clouds
527,Dingle,PH,10.9995,122.6711,75.52,91,100,9.01,moderate rain
528,Sinjai,ID,-5.1241,120.253,76.37,77,100,3.71,overcast clouds
529,Banda Aceh,ID,5.5577,95.3222,78.85,82,19,7.78,few clouds
530,Jumla,NP,29.2747,82.1838,35.62,59,0,6.55,clear sky
531,Porto Novo,BJ,6.4965,2.6036,87.8,74,20,16.11,few clouds
532,Nelson Bay,AU,-32.7167,152.15,70.0,78,40,11.5,scattered clouds
533,Bitung,ID,1.4451,125.1824,77.0,94,40,4.61,scattered clouds
534,Praya,CV,14.9215,-23.5087,71.6,60,75,23.02,broken clouds
535,San Juan,AR,-31.5375,-68.5364,94.73,21,1,17.18,clear sky
536,Maneadero,MX,31.7167,-116.5667,57.99,81,21,1.01,few clouds
537,Susanville,US,40.4163,-120.653,32.0,64,1,3.06,clear sky
538,Linfen,CN,36.0889,111.5189,41.29,60,56,2.93,broken clouds
539,Sanchor,IN,24.7553,71.7722,64.87,27,0,7.61,clear sky
540,Comodoro Rivadavia,AR,-45.8667,-67.5,64.4,52,20,13.8,few clouds
541,Bystrzyca Klodzka,PL,50.3018,16.6423,24.01,82,100,11.32,light snow
542,Nanortalik,GL,60.1432,-45.2371,33.67,84,100,17.9,overcast clouds
543,Sinnamary,GF,5.3833,-52.95,78.44,87,80,14.88,broken clouds
544,Samfya,ZM,-11.3649,29.5565,70.81,87,92,5.14,moderate rain
545,Zheleznodorozhnyy,RU,55.7503,38.0042,12.2,79,75,15.66,light snow
546,Inverell,AU,-29.7833,151.1167,68.0,87,27,4.99,scattered clouds
547,Bone,DE,51.9669,12.1396,21.99,90,100,8.01,light snow
548,Mazamari,PE,-11.3258,-74.5308,83.71,65,65,0.65,broken clouds
549,Kenitra,MA,34.261,-6.5802,59.0,63,40,5.75,scattered clouds
550,Hameenlinna,FI,60.996,24.4643,23.0,86,75,4.61,broken clouds
551,Ciudad Bolivar,VE,8.1222,-63.5497,91.29,43,100,11.72,overcast clouds
552,Darovskoy,RU,58.77,47.9564,-16.42,85,100,9.93,overcast clouds
553,Sarmanovo,RU,55.2553,52.5891,-4.0,77,100,15.66,snow
554,Puerto Carreno,CO,6.189,-67.4859,95.99,38,86,8.88,overcast clouds
555,Hambantota,LK,6.1241,81.1185,78.55,79,14,18.66,few clouds
556,Banjar,ID,-8.19,114.9675,77.0,94,20,1.14,few clouds
557,Mersing,MY,2.4312,103.8405,78.8,89,91,9.22,overcast clouds
558,Nadadores,MX,27.05,-101.6,63.9,27,0,3.36,clear sky
559,Rambha,IN,19.5167,85.1,68.31,77,33,2.8,scattered clouds
560,Bang Rakam,TH,16.7585,100.1174,87.01,63,1,3.31,clear sky
561,Hammerfest,NO,70.6634,23.6821,23.0,86,75,23.02,snow
562,Waupun,US,43.6333,-88.7296,-5.8,64,1,8.05,clear sky
563,Beringovskiy,RU,63.05,179.3167,-4.09,89,99,13.8,overcast clouds
564,Yining,CN,29.0361,114.5636,52.79,84,100,5.21,overcast clouds
565,Yerbogachen,RU,61.2767,108.0108,16.97,97,100,6.04,light snow
566,Aliaga,PH,15.5167,120.8667,75.2,78,40,2.3,scattered clouds
567,Neiafu,TO,-18.65,-173.9833,77.0,94,75,9.22,moderate rain
568,Maarianhamina,AX,60.0973,19.9348,21.2,93,75,4.61,broken clouds
569,Aksaray,TR,38.3726,34.0254,50.0,50,0,3.44,clear sky
570,Tiznit,MA,29.5833,-9.5,54.0,67,28,12.77,scattered clouds
571,Visnes,NO,59.3556,5.2242,25.0,54,0,5.75,clear sky
572,Dafeng,CN,23.4517,108.5881,70.41,56,1,2.86,clear sky
573,Vardo,NO,70.3705,31.1107,23.0,93,90,26.46,snow
574,Mangaldai,IN,26.4333,92.0333,57.2,77,40,5.64,mist
575,Nagua,DO,19.3832,-69.8474,82.4,69,20,6.91,few clouds
576,Biak,ID,-0.9131,122.8766,77.68,80,100,2.35,overcast clouds
577,Tromso,NO,69.6496,18.957,24.8,80,75,11.5,light snow
578,Mangai,CD,-4.05,19.5333,79.0,71,74,1.39,broken clouds
579,Sapernoye,RU,60.7167,29.9505,16.0,96,100,6.31,overcast clouds
580,Nantucket,US,41.2835,-70.0995,36.0,93,90,14.97,moderate rain
581,Akdepe,TM,42.0551,59.3788,48.2,87,91,6.91,overcast clouds
582,Port Augusta,AU,-32.5,137.7667,62.6,77,0,11.5,clear sky
583,Shaoxing,CN,30.011,120.5715,55.4,62,99,15.66,light rain
584,Coro,VE,11.4045,-69.6734,84.65,59,96,17.94,overcast clouds
585,Ziarat,PK,30.3823,67.7282,43.56,53,0,2.35,clear sky
586,Rockland,US,41.1668,-74.0496,30.0,91,100,4.16,snow
587,Soure,BR,-0.7167,-48.5233,83.89,74,7,12.01,light rain
588,Arman,RU,59.7,150.1667,13.06,86,100,15.66,overcast clouds
589,Makueni,KE,-1.8041,37.6203,67.08,90,79,2.24,moderate rain
590,Nabire,ID,-3.3667,135.4833,76.44,84,100,3.31,overcast clouds
591,Kenora,CA,49.8167,-94.4337,-22.0,63,1,12.66,clear sky
592,Huilong,CN,31.8111,121.655,48.99,86,97,3.0,light rain
593,Royan,FR,45.6285,-1.0281,46.4,71,0,8.05,clear sky
594,Warwick,US,41.7001,-71.4162,33.01,93,90,6.91,snow
595,Loznica,RS,44.5342,19.2242,64.4,36,0,9.22,clear sky
596,Maumere,ID,-8.6199,122.2111,79.84,78,100,0.87,overcast clouds
597,Bagdarin,RU,54.4333,113.6,-5.6,86,100,1.25,overcast clouds
598,Astana,KZ,51.1801,71.446,19.4,86,90,22.37,light snow
599,Middelburg,ZA,-25.7751,29.4648,63.91,80,78,5.28,broken clouds
600,Koygorodok,RU,60.445,50.9968,-18.56,86,100,10.04,overcast clouds
601,Hinton,CA,53.4001,-117.5857,-23.8,76,0,2.3,clear sky
602,Naryan-Mar,RU,67.6713,53.087,-17.86,87,100,15.05,overcast clouds
603,Amarillo,US,35.222,-101.8313,39.2,65,1,13.8,clear sky
604,Unjha,IN,23.8,72.4,62.94,28,0,4.63,clear sky
605,Grand Gaube,MU,-20.0064,57.6608,81.0,77,79,5.01,light rain
606,Kindu,CD,-2.95,25.95,77.67,72,93,1.52,overcast clouds
607,Olafsvik,IS,64.8945,-23.7142,34.0,84,0,14.56,clear sky
608,Dabhol,IN,17.6,73.1667,75.33,41,15,8.86,few clouds
609,Kocevje,SI,45.6433,14.8633,50.0,97,100,9.13,light rain
610,Boone,US,39.0334,-92.3335,7.0,74,80,8.43,broken clouds
611,Ketchikan,US,55.3422,-131.6461,28.4,74,1,9.22,clear sky
612,Ushtobe,KZ,45.2514,77.9838,33.3,94,99,7.81,overcast clouds
613,Cambrils,ES,41.0748,1.0524,54.0,50,20,10.36,few clouds
614,San Lawrenz,MT,36.0553,14.204,64.4,68,0,12.66,clear sky
615,Vanavara,RU,60.34,102.2797,27.14,98,100,9.55,light snow
616,Praia Da Vitoria,PT,38.7333,-27.0667,60.01,88,75,17.54,broken clouds
617,Lebaksiu,ID,-7.0496,109.1441,75.24,91,100,6.89,overcast clouds
618,Monywa,MM,22.1167,95.1333,67.55,44,8,5.66,clear sky
619,Sumenep,ID,-7.0167,113.8667,79.59,80,99,14.52,overcast clouds
620,Egvekinot,RU,66.3167,-179.1667,-9.11,79,0,14.05,clear sky
621,Xinmin,CN,41.9908,122.8253,6.8,72,0,2.24,clear sky
622,Emerald,AU,-23.5333,148.1667,80.6,89,75,2.3,broken clouds
623,Sekondi,GH,4.937,-1.7128,84.04,77,100,11.05,light rain
624,Lasa,IT,46.6166,10.7002,41.0,86,90,5.75,overcast clouds
625,Amuntai,ID,-2.4177,115.2494,74.71,96,93,0.92,overcast clouds
626,Quatre Cocos,MU,-20.2078,57.7625,81.0,74,20,10.36,light rain
627,Vostok,RU,46.4856,135.8833,-12.77,90,100,2.91,overcast clouds
628,Guarda,PT,40.5373,-7.2658,48.99,87,100,7.0,overcast clouds
629,Campbell River,CA,50.0163,-125.2446,37.99,86,75,5.5,broken clouds
630,Delijan,IR,33.9905,50.6838,43.34,73,83,1.43,broken clouds
631,Santa Fe,AR,-31.6333,-60.7,91.0,36,0,4.0,clear sky
632,Constitucion,CL,-35.3333,-72.4167,67.8,64,80,6.55,broken clouds
633,Ponda,IN,15.4,74.0167,78.8,69,0,2.3,haze
634,Flin Flon,CA,54.7682,-101.865,-34.6,61,1,12.66,snow
635,Mkushi,ZM,-13.6202,29.3939,69.06,93,100,4.03,moderate rain
636,Camabatela,AO,-8.1881,15.375,67.48,98,94,3.69,light rain
637,Macamic,CA,48.7502,-78.9996,10.4,56,75,13.8,light snow
638,Ouadda,CF,8.0777,22.4007,76.21,18,51,5.84,broken clouds
639,Lethem,GY,3.3803,-59.7968,93.2,41,96,11.12,overcast clouds
640,Morant Bay,JM,17.8815,-76.4093,90.0,61,20,27.63,few clouds
641,Port Moresby,PG,-9.4431,147.1797,77.0,94,40,8.05,scattered clouds
642,Bokoro,TD,12.3807,17.0568,79.3,14,44,5.61,scattered clouds
643,Am Timan,TD,11.0297,20.2827,79.66,15,9,4.99,clear sky
644,Wonthaggi,AU,-38.6044,145.5913,57.99,71,73,9.48,broken clouds
645,Trincomalee,LK,8.5711,81.2335,79.41,83,54,16.4,broken clouds
646,Brae,GB,60.3964,-1.353,33.8,60,75,8.05,broken clouds
647,Arlit,NE,18.7369,7.3853,80.2,12,94,5.44,overcast clouds
648,Teguise,ES,29.0605,-13.564,66.2,59,40,10.36,scattered clouds
649,Honningsvag,NO,70.9821,25.9704,28.4,59,75,26.46,light snow
650,Manokwari,ID,-0.8667,134.0833,78.57,82,96,2.71,overcast clouds
651,Khandyga,RU,62.6667,135.6,-33.93,82,34,3.11,scattered clouds
652,Kulaman,PH,6.4594,124.0892,78.75,75,100,2.39,overcast clouds
653,Imeni Poliny Osipenko,RU,52.4201,136.4853,-0.29,89,100,2.21,overcast clouds
654,Moree,AU,-29.4667,149.85,66.2,82,0,4.61,clear sky
655,Ravar,IR,31.2656,56.8055,62.22,32,0,19.42,clear sky
656,Stillwater,US,36.1156,-97.0584,30.2,69,90,11.5,overcast clouds
657,Mukhen,RU,48.1,136.1,-7.67,90,100,4.32,overcast clouds
658,Manzanillo,CU,20.3433,-77.1167,85.21,51,8,6.24,clear sky
659,Rio De Jesus,PA,7.9844,-81.1631,91.31,50,57,7.23,broken clouds
660,Keti Bandar,PK,24.1447,67.4497,68.14,52,0,7.47,clear sky
661,Kjopsvik,NO,68.097,16.3742,30.0,80,75,10.36,light snow
662,Supe,PE,-10.8,-77.7333,76.93,61,100,9.42,overcast clouds
663,Kovylkino,RU,54.0388,43.9139,-0.4,91,98,14.2,overcast clouds
664,Riyadh,SA,24.6877,46.7219,62.6,48,0,11.5,clear sky
665,Vao,NC,-22.6667,167.4833,77.14,86,11,3.69,few clouds
666,San Agustin,MX,20.5333,-103.4667,69.8,35,1,8.05,clear sky
667,South Lake Tahoe,US,38.9332,-119.9844,41.0,79,1,3.44,clear sky
668,Alofi,NU,-19.0595,-169.9187,77.0,94,76,3.44,light rain
669,Tessalit,ML,20.1986,1.0114,76.8,18,98,11.32,overcast clouds
670,Ciudad Ojeda,VE,10.1964,-71.3082,86.68,57,100,8.48,overcast clouds
671,Warrnambool,AU,-38.3833,142.4833,55.99,77,100,11.63,overcast clouds
672,Ostrovskoye,RU,57.8057,42.2433,-12.32,88,62,8.1,broken clouds
673,Tilichiki,RU,60.4667,166.1,9.09,96,100,14.76,light snow
674,Kannangad,IN,12.3081,75.1063,75.45,69,0,5.53,clear sky
675,Shablykino,RU,52.8566,35.1964,-0.53,93,38,8.88,scattered clouds
676,Ust-Kan,RU,50.9276,84.761,20.79,90,51,9.62,broken clouds
677,Montrose,US,38.4166,-108.2673,42.01,31,2,5.01,clear sky
678,Dunedin,NZ,-45.8742,170.5036,57.0,92,47,3.0,scattered clouds
679,Soto La Marina,MX,23.7667,-98.2167,73.99,64,0,3.0,clear sky
680,Alexandria,EG,31.2156,29.9553,62.6,72,20,3.44,few clouds
681,Uglekamensk,RU,43.2172,133.2303,-2.97,87,25,4.05,scattered clouds
682,Batagay-Alyta,RU,67.8006,130.4114,-34.44,81,0,1.63,clear sky
683,Gondanglegi,ID,-7.7479,112.0132,75.29,91,100,5.91,overcast clouds
684,Namatanai,PG,-3.6667,152.4333,80.4,80,81,5.3,light rain
685,Sao Desiderio,BR,-12.3633,-44.9733,71.1,84,100,4.92,overcast clouds
686,Luzhou,CN,28.8724,105.4405,59.09,56,100,1.88,overcast clouds
687,Laguna,US,38.421,-121.4238,51.01,100,1,4.52,mist
688,Katangli,RU,51.7102,143.2326,5.11,94,100,20.02,light snow
689,Skegness,GB,53.1436,0.3363,35.6,60,75,19.57,broken clouds
690,Lazo,RU,43.3817,133.9014,-3.46,85,37,6.67,scattered clouds
691,Jiangkou,CN,25.4872,119.1986,62.6,72,75,6.71,broken clouds
692,Opuwo,NA,-18.0607,13.84,87.12,23,98,16.98,overcast clouds
693,Krasnyy Yar,RU,46.5331,48.3456,24.01,58,0,15.66,clear sky
694,Constantine,DZ,36.365,6.6147,50.0,76,40,10.36,scattered clouds
